description,development-plan-document,development-plan-types,development-policies,document-url,end-date,entry-date,geographies,name,notes,organisations,start-date,slug
Covers former AVDC area,dev-plan-buc-avdlp,local-plan,avdlp-GP2;avdlp-GP3;avdlp-GP4;avdlp-GP6;avdlp-GP8;avdlp-GP9;avdlp-GP11;avdlp-GP17;avdlp-GP24;avdlp-GP25;avdlp-GP26;avdlp-GP30;avdlp-GP32;avdlp-GP35;avdlp-GP38;avdlp-GP39;avdlp-GP40;avdlp-GP45;avdlp-GP53;avdlp-GP57;avdlp-GP59;avdlp-GP60;avdlp-GP66;avdlp-GP69;avdlp-GP70;avdlp-GP71;avdlp-GP73;avdlp-GP77;avdlp-GP78;avdlp-GP79;avdlp-GP80;avdlp-GP81;avdlp-GP84;avdlp-GP86;avdlp-GP87;avdlp-GP88;avdlp-GP90;avdlp-GP91;avdlp-GP92;avdlp-GP93;avdlp-GP94;avdlp-GP95;avdlp-GP99;avdlp-GP100;avdlp-AY1;avdlp-AY2;avdlp-AY3;avdlp-AY4;avdlp-AY5;avdlp-AY6;avdlp-AY7;avdlp-AY8;avdlp-AY11;avdlp-AY12;avdlp-AY13;avdlp-AY14;avdlp-AY15;avdlp-AY16;avdlp-AY17;avdlp-AY18;avdlp-AY20;avdlp-AY21;avdlp-AY22;avdlp-AY24;avdlp-AY27;avdlp-AY28;avdlp-AY29;avdlp-AY30;avdlp-AY31;avdlp-AY34;avdlp-BU1;avdlp-BU3;avdlp-BU6;avdlp-BU7;avdlp-BU8;avdlp-BU10;avdlp-BU11;avdlp-WE1;avdlp-WE2;avdlp-HA1;avdlp-HA2;avdlp-WI1;avdlp-WI2;avdlp-WI3;avdlp-RA2;avdlp-RA3;avdlp-RA4;avdlp-RA5;avdlp-RA6;avdlp-RA8;avdlp-RA11;avdlp-RA13;avdlp-RA14;avdlp-RA17;avdlp-RA18;avdlp-RA24;avdlp-RA25;avdlp-RA26;avdlp-RA29;avdlp-RA30;avdlp-RA31;avdlp-RA32;avdlp-RA33;avdlp-RA34;avdlp-RA35;avdlp-RA36;avdlp-RA37,https://www.aylesburyvaledc.gov.uk/sites/default/files/page_downloads/AVDLP-Full-Version.pdf,2021-12-31,2020-12-08,E07000004,Adopted Aylesbury Vale District Local Plan (AVDLP) 2004,,local-authority-eng:AYL,2004-01-01,/development-plan-document/local-authority-eng/AYL/dev-plan-buc-avdlp
Covers former AVDC area,dev-plan-buc-valp,local-plan,valp-S1;valp-S2;valp-S3;valp-S4;valp-S5;valp-S6;valp-S7;valp-S8;valp-S9;valp-D1;valp-D1-AGT1;valp-D1-AGT2;valp-D1-AGT3;valp-D1-AGT4;valp-D1-AGT5;valp-D1-AGT6;valp-D1-AYL032;valp-D1-AYL073;valp-D1-AYL052;valp-D1-AYL059;valp-D1-AYL077;valp-D1-AYL063;valp-D1-AYL068;valp-D1-AYL115;valp-D1-NLV001;valp-D2;valp-D-BUC043;valp-D-BUC051;valp-D-BUC046;valp-D-HAD007;valp-D-HAL003;valp-D-WIN001;valp-D-SCD003;valp-D-SCD008;valp-D-STO008;valp-D-WHI009;valp-D-CDN001;valp-D-CDN003;valp-D-ICK004;valp-D-MMO006;valp-D-MGB003;valp-D-NLV005;valp-D-QUA001;valp-D-QUA0014-016;valp-D3;valp-D4;valp-D5;valp-D6;valp-D7;valp-D8;valp-D9;valp-D10;valp-H1;valp-H2;valp-H3;valp-H4;valp-H5;valp-H6;valp-H7;valp-E1;valp-E2;valp-E3;valp-E4;valp-E5;valp-E6;valp-E7;valp-E8;valp-E9;valp-E10;valp-T1;valp-T2;valp-T3;valp-T4;valp-T5;valp-T6;valp-T7;valp-BE1;valp-BE2;valp-BE3;valp-BE4;valp-NE1;valp-NE2;valp-NE3;valp-NE4;valp-NE5;valp-NE6;valp-NE7;valp-NE8;valp-NE9;valp-C1;valp-C2;valp-C3;valp-C4;valp-I1;valp-I2;valp-I3;valp-I4;valp-I5;valp-I6,https://www.aylesburyvaledc.gov.uk/sites/default/files/page_downloads/Submission-VALP-%20high-res2.pdf,2033-12-31,2020-12-08,E07000004,Vale of Aylesbury Local Plan 2013-2033,,local-authority-eng:AYL,2013-01-01,/development-plan-document/local-authority-eng/AYL/dev-plan-buc-valp
,join-waste-dev-plan-bas-xyz,waste-plan,,https://www.westofengland.org/waste-planning/adopted-joint-waste-core-strategy,2025-12-31,2021-03-03,E06000022,Joint Waste Core Strategy,,local-authority-eng:BAS,2011-03-25,/development-plan-document/local-authority-eng/BAS/join-waste-dev-plan-bas-xyz
Covers former BCC area,dev-plan-buc-bmwlp,minerals-waste,bmwlp-P1;bmwlp-P2;bmwlp-P3;bmwlp-P4;bmwlp-P5;bmwlp-P6;bmwlp-P7;bmwlp-P8;bmwlp-P9;bmwlp-P10;bmwlp-P11;bmwlp-P12;bmwlp-P13;bmwlp-P14;bmwlp-P15;bmwlp-P16;bmwlp-P17;bmwlp-P18;bmwlp-P19;bmwlp-P20;bmwlp-P21;bmwlp-P22;bmwlp-P23;bmwlp-P24;bmwlp-P25;bmwlp-P26;bmwlp-P27;bmwlp-P28,https://www.buckscc.gov.uk/media/4514370/buckinghamshire-minerals-and-waste-local-plan-2016-2036.pdf,2036-12-31,2020-12-08,E06000060,Buckinghamshire Minerals and Waste Local Plan 2016-2036,,local-authority-eng:BKM,2019-07-25,/development-plan-document/local-authority-eng/BKM/dev-plan-buc-bmwlp
,mineral-site-plan-bpc-xyz,mineral-plan,,https://www.dorsetcouncil.gov.uk/planning-buildings-land/planning-policy/dorset-county-council/pdfs/planning/adoption-final-plans-msp-waste/msp-pt-1-pages-1-64.pdf,2027-12-31,2021-03-03,E06000058;E0600059,Mineral Sites Plan 2019,,local-authority-eng:BPC,2019-12-31,/development-plan-document/local-authority-eng/BPC/mineral-site-plan-bpc-xyz
,mineral-strategy-bpc-xyz,minerals-plan,,https://www.dorsetcouncil.gov.uk/planning-buildings-land/planning-policy/dorset-county-council/minerals-planning-policy/minerals-strategy.aspx,2027-12-31,2021-03-03,E06000058,Minerals Strategy,"Reviewed 2020, no update needed, further review 2021",local-authority-eng:BPC,2014-05-06,/development-plan-document/local-authority-eng/BPC/mineral-strategy-bpc-xyz
,waste-dev-plan-bpc-xyz,waste-plan,,https://www.dorsetcouncil.gov.uk/planning-buildings-land/planning-policy/dorset-county-council/waste-planning-policy/2019-waste-plan.aspx,2032-12-31,2021-03-03,E06000058;E0600059,2019 Waste Plan,,local-authority-eng:BPC,2019-12-31,/development-plan-document/local-authority-eng/BPC/waste-dev-plan-bpc-xyz
,join-waste-dev-plan-bst-xyz,waste-plan,,https://www.westofengland.org/waste-planning/adopted-joint-waste-core-strategy,2025-12-31,2021-03-03,E06000023;E06000022; E06000024;E06000025,Joint Waste Core Strategy,,local-authority-eng:BST,2011-03-25,/development-plan-document/local-authority-eng/BST/join-waste-dev-plan-bst-xyz
Covers former AVDC area,dev-plan-buc-avdlp,local-plan,avdlp-GP2;avdlp-GP3;avdlp-GP4;avdlp-GP6;avdlp-GP8;avdlp-GP9;avdlp-GP11;avdlp-GP17;avdlp-GP24;avdlp-GP25;avdlp-GP26;avdlp-GP30;avdlp-GP32;avdlp-GP35;avdlp-GP38;avdlp-GP39;avdlp-GP40;avdlp-GP45;avdlp-GP53;avdlp-GP57;avdlp-GP59;avdlp-GP60;avdlp-GP66;avdlp-GP69;avdlp-GP70;avdlp-GP71;avdlp-GP73;avdlp-GP77;avdlp-GP78;avdlp-GP79;avdlp-GP80;avdlp-GP81;avdlp-GP84;avdlp-GP86;avdlp-GP87;avdlp-GP88;avdlp-GP90;avdlp-GP91;avdlp-GP92;avdlp-GP93;avdlp-GP94;avdlp-GP95;avdlp-GP99;avdlp-GP100;avdlp-AY1;avdlp-AY2;avdlp-AY3;avdlp-AY4;avdlp-AY5;avdlp-AY6;avdlp-AY7;avdlp-AY8;avdlp-AY11;avdlp-AY12;avdlp-AY13;avdlp-AY14;avdlp-AY15;avdlp-AY16;avdlp-AY17;avdlp-AY18;avdlp-AY20;avdlp-AY21;avdlp-AY22;avdlp-AY24;avdlp-AY27;avdlp-AY28;avdlp-AY29;avdlp-AY30;avdlp-AY31;avdlp-AY34;avdlp-BU1;avdlp-BU3;avdlp-BU6;avdlp-BU7;avdlp-BU8;avdlp-BU10;avdlp-BU11;avdlp-WE1;avdlp-WE2;avdlp-HA1;avdlp-HA2;avdlp-WI1;avdlp-WI2;avdlp-WI3;avdlp-RA2;avdlp-RA3;avdlp-RA4;avdlp-RA5;avdlp-RA6;avdlp-RA8;avdlp-RA11;avdlp-RA13;avdlp-RA14;avdlp-RA17;avdlp-RA18;avdlp-RA24;avdlp-RA25;avdlp-RA26;avdlp-RA29;avdlp-RA30;avdlp-RA31;avdlp-RA32;avdlp-RA33;avdlp-RA34;avdlp-RA35;avdlp-RA36;avdlp-RA37,https://www.aylesburyvaledc.gov.uk/sites/default/files/page_downloads/AVDLP-Full-Version.pdf,2021-12-31,2020-12-08,E07000004,Adopted Aylesbury Vale District Local Plan (AVDLP) 2004,,local-authority-eng:BUC,2020-04-01,/development-plan-document/local-authority-eng/BUC/dev-plan-buc-avdlp
Whole Buckinghamshire Council area,dev-plan-buc-blp,local-plan,,,2040-12-31,2020-12-08,E06000060,Buckinghamshire Local Plan,,local-authority-eng:BUC,2020-04-01,/development-plan-document/local-authority-eng/BUC/dev-plan-buc-blp
Covers former BCC area,dev-plan-buc-bmwlp,minerals-waste,bmwlp-P1;bmwlp-P2;bmwlp-P3;bmwlp-P4;bmwlp-P5;bmwlp-P6;bmwlp-P7;bmwlp-P8;bmwlp-P9;bmwlp-P10;bmwlp-P11;bmwlp-P12;bmwlp-P13;bmwlp-P14;bmwlp-P15;bmwlp-P16;bmwlp-P17;bmwlp-P18;bmwlp-P19;bmwlp-P20;bmwlp-P21;bmwlp-P22;bmwlp-P23;bmwlp-P24;bmwlp-P25;bmwlp-P26;bmwlp-P27;bmwlp-P28,https://www.buckscc.gov.uk/media/4514370/buckinghamshire-minerals-and-waste-local-plan-2016-2036.pdf,2036-12-31,2020-12-08,E06000060,Buckinghamshire Minerals and Waste Local Plan 2016-2036,,local-authority-eng:BUC,2020-04-01,/development-plan-document/local-authority-eng/BUC/dev-plan-buc-bmwlp
Covers former CDC area,dev-plan-buc-ccs,local-plan,ccs-CS1;ccs-CS2;ccs-CS3;ccs-CS4;ccs-CS5;ccs-CS6;ccs-CS7;ccs-CS8;ccs-CS9;ccs-CS10;ccs-CS11;ccs-CS12;ccs-CS13;ccs-CS14;ccs-CS15;ccs-CS16;ccs-CS17;ccs-CS18;ccs-CS19;ccs-CS20;ccs-CS21;ccs-CS22;ccs-CS23;ccs-CS24;ccs-CS25;ccs-CS26;ccs-CS27;ccs-CS28;ccs-CS29;ccs-CS30;ccs-CS31;ccs-CS32,https://www.chiltern.gov.uk/planning/adoptedcorestrategy,2021-12-31,2020-12-08,E07000005,Adopted Chiltern Core Strategy 2011,,local-authority-eng:BUC,2020-04-01,/development-plan-document/local-authority-eng/BUC/dev-plan-buc-ccs
"Covers former CDC area; amended May 2001, September 2007 and November 2011",dev-plan-buc-clp,local-plan,clp-GC1;clp-GC2;clp-GC3;clp-GC4;clp-GC7;clp-GC8;clp-GC9;clp-GC10;clp-GC11;clp-GC12;clp-GC13;clp-GC14;clp-GB1;clp-GB2;clp-GB4;clp-GB5;clp-GB6;clp-GB7;clp-GB8;clp-GB10;clp-GB11;clp-GB12;clp-GB13;clp-GB15;clp-GB16;clp-GB17;clp-GB20;clp-GB22A;clp-GB23;clp-GB24;clp-GB27;clp-GB29;clp-GB30;clp-LSQ1;clp-H2;clp-H3;clp-H4;clp-H7;clp-H9;clp-H11;clp-H12;clp-H13;clp-H14;clp-H15;clp-H16;clp-H17;clp-H18;clp-H19;clp-H20;clp-H21;clp-S1;clp-S2;clp-S3;clp-S4;clp-S5-CH;clp-S5-AH;clp-S5-CSP;clp-S7;clp-S9;clp-S10;clp-S10A;clp-S11;clp-S12;clp-S13;clp-S14;clp-TR2;clp-TR3;clp-TR6;clp-TR9;clp-TR11;clp-TR12;clp-TR14;clp-TR15;clp-TR16;clp-R2;clp-R3;clp-R4;clp-R6;clp-R7;clp-R8;clp-R10;clp-R11;clp-R12;clp-R13;clp-R16;clp-T2;clp-T4;clp-CSF1;clp-CSF2;clp-AS1;clp-AS2;clp-LB1;clp-LB2;clp-LB3;clp-LB4;clp-CA1;clp-CA2;clp-CA3;clp-CA4;clp-CA5;clp-TW2;clp-TW3;clp-TW6;clp-NC1;clp-NC3;clp-A2;clp-A3;clp-TD1;clp-TD2;clp-OEL1,https://www.chiltern.gov.uk/planning/localplan1997,2026-12-31,2020-12-08,E07000005,Adopted Chiltern Local Plan 1997,,local-authority-eng:BUC,2020-04-01,/development-plan-document/local-authority-eng/BUC/dev-plan-buc-clp
Covers former WDC area,dev-plan-buc-dsa,site-allocations,dsa-HWTC1;dsa-HWTC2;dsa-HWTC3;dsa-HWTC4;dsa-HWTC5;dsa-HWTC6;dsa-HWTC7;dsa-HWTC8;dsa-HWTC9;dsa-HWTC10;dsa-HWTC11;dsa-HWTC12;dsa-HWTC13;dsa-HWTC14;dsa-HWTC15;dsa-HWTC16;dsa-HWTC17;dsa-HWTC18;dsa-HWTC19;dsa-HWTC20;dsa-HWTC21;dsa-HW1;dsa-HW2;dsa-HW3;dsa-MR1;dsa-MR2;dsa-MR3;dsa-MR4;dsa-MR5;dsa-PR1;dsa-PR2;dsa-DM1;dsa-DM2;dsa-DM3;dsa-DM4;dsa-DM5;dsa-DM6;dsa-DM7;dsa-DM8;dsa-DM9;dsa-DM10;dsa-DM11;dsa-DM12;dsa-DM13;dsa-DM14;dsa-DM15;dsa-DM16;dsa-DM19,https://www.wycombe.gov.uk/uploads/public/documents/Planning/Planning-policy/DSA2012/Adopted-delivery-and-site-allocations-plan.pdf,2026-12-31,2020-12-08,E07000007,Adopted Delivery and Site Allocations Plan,,local-authority-eng:BUC,2020-04-01,/development-plan-document/local-authority-eng/BUC/dev-plan-buc-dsa
Covers former SBDC area,dev-plan-buc-sbcs,local-plan,sbcs-CP1;sbcs-CP2;sbcs-CP3;sbcs-CP4;sbcs-CP5;sbcs-CP6;sbcs-CP7;sbcs-CP8;sbcs-CP9;sbcs-CP10;sbcs-CP11;sbcs-CP12;sbcs-CP13;sbcs-CP14;sbcs-CP15;sbcs-CP16;sbcs-CP17,https://southbucks.gov.uk/planning/corestrategy,2026-12-31,2020-12-08,E07000006,South Bucks Core Strategy 2011,,local-authority-eng:BUC,2020-04-01,/development-plan-document/local-authority-eng/BUC/dev-plan-buc-sbcs
Covers former SBDC area; amended September 2007 and February 2011,dev-plan-buc-sblp,local-plan,sblp-GB1;sblp-GB2;sblp-GB3;sblp-GB4;sblp-GB5;sblp-GB7;sblp-GB9;sblp-GB10;sblp-GB11;sblp-GB13;sblp-L4;sblp-L10;sblp-C1;sblp-C6;sblp-C15;sblp-EP3;sblp-EP4;sblp-EP5;sblp-EP6;sblp-EP7;sblp-EP16;sblp-EP17;sblp-EP18;sblp-R5;sblp-R6;sblp-R8;sblp-R9;sblp-R10;sblp-H2;sblp-H6;sblp-H9;sblp-H10;sblp-H11;sblp-H12;sblp-H13;sblp-TC1;sblp-S1;sblp-S2;sblp-S3;sblp-S4;sblp-S6;sblp-S9;sblp-E2;sblp-TR4;sblp-TR5;sblp-TR7;sblp-TR10;sblp-TR12;sblp-TR13;sblp-COM1;sblp-COM2,https://southbucks.gov.uk/planning/localplan1999,2006-12-31,2020-12-08,E07000006,South Bucks District Local Plan 1999,,local-authority-eng:BUC,2020-04-01,/development-plan-document/local-authority-eng/BUC/dev-plan-buc-sblp
Covers former AVDC area,dev-plan-buc-valp,local-plan,valp-S1;valp-S2;valp-S3;valp-S4;valp-S5;valp-S6;valp-S7;valp-S8;valp-S9;valp-D1;valp-D1-AGT1;valp-D1-AGT2;valp-D1-AGT3;valp-D1-AGT4;valp-D1-AGT5;valp-D1-AGT6;valp-D1-AYL032;valp-D1-AYL073;valp-D1-AYL052;valp-D1-AYL059;valp-D1-AYL077;valp-D1-AYL063;valp-D1-AYL068;valp-D1-AYL115;valp-D1-NLV001;valp-D2;valp-D-BUC043;valp-D-BUC051;valp-D-BUC046;valp-D-HAD007;valp-D-HAL003;valp-D-WIN001;valp-D-SCD003;valp-D-SCD008;valp-D-STO008;valp-D-WHI009;valp-D-CDN001;valp-D-CDN003;valp-D-ICK004;valp-D-MMO006;valp-D-MGB003;valp-D-NLV005;valp-D-QUA001;valp-D-QUA0014-016;valp-D3;valp-D4;valp-D5;valp-D6;valp-D7;valp-D8;valp-D9;valp-D10;valp-H1;valp-H2;valp-H3;valp-H4;valp-H5;valp-H6;valp-H7;valp-E1;valp-E2;valp-E3;valp-E4;valp-E5;valp-E6;valp-E7;valp-E8;valp-E9;valp-E10;valp-T1;valp-T2;valp-T3;valp-T4;valp-T5;valp-T6;valp-T7;valp-BE1;valp-BE2;valp-BE3;valp-BE4;valp-NE1;valp-NE2;valp-NE3;valp-NE4;valp-NE5;valp-NE6;valp-NE7;valp-NE8;valp-NE9;valp-C1;valp-C2;valp-C3;valp-C4;valp-I1;valp-I2;valp-I3;valp-I4;valp-I5;valp-I6,https://www.aylesburyvaledc.gov.uk/sites/default/files/page_downloads/Submission-VALP-%20high-res2.pdf,2033-12-31,2020-12-08,E07000004,Vale of Aylesbury Local Plan 2013-2033,,local-authority-eng:BUC,2020-04-01,/development-plan-document/local-authority-eng/BUC/dev-plan-buc-valp
Covers former WDC area,dev-plan-buc-wdlp,local-plan,wdlp-CP1;wdlp-CP2;wdlp-CP3;wdlp-CP4;wdlp-CP5;wdlp-CP6;wdlp-CP7;wdlp-CP8;wdlp-CP9;wdlp-CP10;wdlp-CP11;wdlp-CP12;wdlp-HW4;wdlp-HW5;wdlp-HW6;wdlp-HW7;wdlp-HW8;wdlp-HW9;wdlp-HW10;wdlp-HW11;wdlp-HW12;wdlp-HW13;wdlp-HW14;wdlp-HW15;wdlp-HW16;wdlp-HW17;wdlp-HW18;wdlp-HW19;wdlp-HW20;wdlp-MR6;wdlp-MR7;wdlp-PR3;wdlp-PR4;wdlp-PR5;wdlp-PR6;wdlp-PR7;wdlp-PR8;wdlp-PR9;wdlp-PR10;wdlp-PR11;wdlp-PR12;wdlp-PR13;wdlp-PR14;wdlp-PR15;wdlp-PR16;wdlp-PR17;wdlp-BE1;wdlp-BE2;wdlp-BE3;wdlp-RUR1;wdlp-RUR2;wdlp-RUR3;wdlp-RUR4;wdlp-RUR5;wdlp-RUR6;wdlp-RUR7;wdlp-RUR8;wdlp-RUR9;wdlp-RUR10;wdlp-RUR11;wdlp-RUR12;wdlp-DM20;wdlp-DM21;wdlp-DM22;wdlp-DM23;wdlp-DM24;wdlp-DM25;wdlp-DM26;wdlp-DM27;wdlp-DM28;wdlp-DM29;wdlp-DM30;wdlp-DM31;wdlp-DM32;wdlp-DM33;wdlp-DM34;wdlp-DM35;wdlp-DM36;wdlp-DM37;wdlp-DM38;wdlp-DM39;wdlp-DM40;wdlp-DM41;wdlp-DM42;wdlp-DM43;wdlp-DM44;wdlp-DM45;wdlp-DM46;wdlp-DM47,https://www.wycombe.gov.uk/uploads/public/documents/Planning/Adopted-Wycombe-local-plan/Wycombe-District-Local-Plan-Adopted-August-2019.pdf,2033-12-31,2020-12-08,E07000007,Wycombe District Local Plan 2019,,local-authority-eng:BUC,2020-04-01,/development-plan-document/local-authority-eng/BUC/dev-plan-buc-wdlp
Covers former CDC area,dev-plan-buc-ccs,local-plan,ccs-CS1;ccs-CS2;ccs-CS3;ccs-CS4;ccs-CS5;ccs-CS6;ccs-CS7;ccs-CS8;ccs-CS9;ccs-CS10;ccs-CS11;ccs-CS12;ccs-CS13;ccs-CS14;ccs-CS15;ccs-CS16;ccs-CS17;ccs-CS18;ccs-CS19;ccs-CS20;ccs-CS21;ccs-CS22;ccs-CS23;ccs-CS24;ccs-CS25;ccs-CS26;ccs-CS27;ccs-CS28;ccs-CS29;ccs-CS30;ccs-CS31;ccs-CS32,https://www.chiltern.gov.uk/planning/adoptedcorestrategy,2021-12-31,2020-12-08,E07000005,Adopted Chiltern Core Strategy 2011,,local-authority-eng:CHN,2011-11-15,/development-plan-document/local-authority-eng/CHN/dev-plan-buc-ccs
"Covers former CDC area; amended May 2001, September 2007 and November 2011",dev-plan-buc-clp,local-plan,clp-GC1;clp-GC2;clp-GC3;clp-GC4;clp-GC7;clp-GC8;clp-GC9;clp-GC10;clp-GC11;clp-GC12;clp-GC13;clp-GC14;clp-GB1;clp-GB2;clp-GB4;clp-GB5;clp-GB6;clp-GB7;clp-GB8;clp-GB10;clp-GB11;clp-GB12;clp-GB13;clp-GB15;clp-GB16;clp-GB17;clp-GB20;clp-GB22A;clp-GB23;clp-GB24;clp-GB27;clp-GB29;clp-GB30;clp-LSQ1;clp-H2;clp-H3;clp-H4;clp-H7;clp-H9;clp-H11;clp-H12;clp-H13;clp-H14;clp-H15;clp-H16;clp-H17;clp-H18;clp-H19;clp-H20;clp-H21;clp-S1;clp-S2;clp-S3;clp-S4;clp-S5-CH;clp-S5-AH;clp-S5-CSP;clp-S7;clp-S9;clp-S10;clp-S10A;clp-S11;clp-S12;clp-S13;clp-S14;clp-TR2;clp-TR3;clp-TR6;clp-TR9;clp-TR11;clp-TR12;clp-TR14;clp-TR15;clp-TR16;clp-R2;clp-R3;clp-R4;clp-R6;clp-R7;clp-R8;clp-R10;clp-R11;clp-R12;clp-R13;clp-R16;clp-T2;clp-T4;clp-CSF1;clp-CSF2;clp-AS1;clp-AS2;clp-LB1;clp-LB2;clp-LB3;clp-LB4;clp-CA1;clp-CA2;clp-CA3;clp-CA4;clp-CA5;clp-TW2;clp-TW3;clp-TW6;clp-NC1;clp-NC3;clp-A2;clp-A3;clp-TD1;clp-TD2;clp-OEL1,https://www.chiltern.gov.uk/planning/localplan1997,2026-12-31,2020-12-08,E07000005,Adopted Chiltern Local Plan 1997,,local-authority-eng:CHN,1997-09-01,/development-plan-document/local-authority-eng/CHN/dev-plan-buc-clp
,mineral-safeguarding-dev-plan-con-xyz,minerals-plan,,https://www.cornwall.gov.uk/media/36180980/minerals-safeguarding-dpd-adoption-december-2018e.pdf,,2021-03-03,EO6000052,Mineral Safeguarding Development Plan Document,,local-authority-eng:CON,2018-12-04,/development-plan-document/local-authority-eng/CON/mineral-safeguarding-dev-plan-con-xyz
,mineral-plan-dev-xyz,minerals-plan,,https://www.devon.gov.uk/planning/planning-policies/minerals-and-waste-policy/devon-minerals-plan,2030-12-31,2021-03-03,E10000008,Devon Minerals Plans,,local-authority-eng:DEV,2011-01-01,/development-plan-document/local-authority-eng/DEV/mineral-plan-dev-xyz
,waste-plan-dev-xyz,waste-plan,,https://www.devon.gov.uk/planning/planning-policies/minerals-and-waste-policy/devon-waste-plan,2030-12-31,2021-03-03,E10000008,Devon Waste Plan,,local-authority-eng:DEV,2011-01-01,/development-plan-document/local-authority-eng/DEV/waste-plan-dev-xyz
,mineral-local-plan-gls-xyz,minerals-plan,,https://www.gloucestershire.gov.uk/media/2096569/mlp-for-glos-2018-2032-adopted-march-2020.pdf,2031-12-31,2021-03-03,E10000013,Minerals Local Plan for Gloucestershire,,local-authority-eng:GLS,2018-01-01,/development-plan-document/local-authority-eng/GLS/mineral-local-plan-gls-xyz
,waste-strategy-gls-xyz,waste-plan,,https://www.gloucestershire.gov.uk/media/14056/adopted_wcs_211112-53886.pdf,2026-12-31,2021-03-03,E10000013,Gloucestershire Waste Core Strategy,,local-authority-eng:GLS,2012-01-01,/development-plan-document/local-authority-eng/GLS/waste-strategy-gls-xyz
Emerging draft Lambeth Local Plan,dev-plan-DRLLP,local-plan,,https://www.lambeth.gov.uk/sites/default/files/pl-draft-revised-lambeth-local-plan-proposed-submission-version-Jan-2020.pdf,,2020-12-01,E09000022,Revised Draft Lambeth Local Plan,,local-authority-eng:LBH,2020-01-31,/development-plan-document/local-authority-eng/LBH/dev-plan-DRLLP
Adopted Lambeth Local Plan,dev-plan-LP-2015,local-plan,,https://www.lambeth.gov.uk/sites/default/files/pl-lambeth-local-plan-2015-web.pdf,,2020-12-01,E09000022,Lambeth Adopted Local Plan,,local-authority-eng:LBH,2015-09-23,/development-plan-document/local-authority-eng/LBH/dev-plan-LP-2015
Made SoWN Neighbourhood Plan,neigh-plan-sown,neighbourhood-plan,,https://230cb429-2676-406e-b39e-b4872b764b84.filesusr.com/ugd/613f49_06134c1930264d71aff106e44edff9c1.pdf,,2020-12-01,E09000022,Southbank Waterloo Neighbourhood Plan,,local-authority-eng:LBH,2018-11-08,/development-plan-document/local-authority-eng/LBH/neigh-plan-sown
Covers former SBDC area,dev-plan-buc-sbcs,local-plan,sbcs-CP1;sbcs-CP2;sbcs-CP3;sbcs-CP4;sbcs-CP5;sbcs-CP6;sbcs-CP7;sbcs-CP8;sbcs-CP9;sbcs-CP10;sbcs-CP11;sbcs-CP12;sbcs-CP13;sbcs-CP14;sbcs-CP15;sbcs-CP16;sbcs-CP17,https://southbucks.gov.uk/planning/corestrategy,2026-12-31,2020-12-08,E07000006,South Bucks Core Strategy 2011,,local-authority-eng:SBU,2011-02-22,/development-plan-document/local-authority-eng/SBU/dev-plan-buc-sbcs
Covers former SBDC area; amended September 2007 and February 2011,dev-plan-buc-sblp,local-plan,sblp-GB1;sblp-GB2;sblp-GB3;sblp-GB4;sblp-GB5;sblp-GB7;sblp-GB9;sblp-GB10;sblp-GB11;sblp-GB13;sblp-L4;sblp-L10;sblp-C1;sblp-C6;sblp-C15;sblp-EP3;sblp-EP4;sblp-EP5;sblp-EP6;sblp-EP7;sblp-EP16;sblp-EP17;sblp-EP18;sblp-R5;sblp-R6;sblp-R8;sblp-R9;sblp-R10;sblp-H2;sblp-H6;sblp-H9;sblp-H10;sblp-H11;sblp-H12;sblp-H13;sblp-TC1;sblp-S1;sblp-S2;sblp-S3;sblp-S4;sblp-S6;sblp-S9;sblp-E2;sblp-TR4;sblp-TR5;sblp-TR7;sblp-TR10;sblp-TR12;sblp-TR13;sblp-COM1;sblp-COM2,https://southbucks.gov.uk/planning/localplan1999,2006-12-31,2020-12-08,E07000006,South Bucks District Local Plan 1999,,local-authority-eng:SBU,1999-03-22,/development-plan-document/local-authority-eng/SBU/dev-plan-buc-sblp
,mineral-plan-som-xyz,minerals-plan,,https://www.somerset.gov.uk/waste-planning-and-land/somerset-minerals-plan/,2029-12-31,2021-03-03,E10000027,Somerset Minerals Plan,,local-authority-eng:SOM,2015-02-01,/development-plan-document/local-authority-eng/SOM/mineral-plan-som-xyz
,waste-plan-som-xyz,waste-plan,,https://www.somerset.gov.uk/waste-planning-and-land/somerset-waste-core-strategy/,2027-12-31,2021-03-03,E10000027,Somerset Waste Core Strategy,,local-authority-eng:SOM,2013-02-01,/development-plan-document/local-authority-eng/SOM/waste-plan-som-xyz
,dev-plan-aaap-2010,area-action-plan,masterplan-aaap-mp1;prop-sites-aaap-mp2;num-of-homes-aaap-bh1;den-dis-of-homes-aaap-bh2;tenure-mix-aaap-bh3;size-of-homes-aaap-bh4;types-of-homes-aaap-bh5;energy-aaap-bh6;sustain-des-con-aaap-bh7;street-layout-aaap-pl1;desi-princip-aaap-pl2;build-blocks-types-lay-aaap-pl3;build-heights-aaap-pl4;open-space-aaap-pl5;child-play-space-aaap-pl6;private-amenity-space-aaap-pl7;burgess-park-aaap-pl8;design-street-aaap-tp1;public-trans-aaap-tp2;parking-aaap-tp3;loc--of-soci-and-com-facil-aaap-com1;oppor-for-new-busi-aaap-com2;health-and-soci-care-aaap-com3;educ-and-learn-aaap-com4;com-space-and-arts-and-cul-aaap-com5;shop-and-retail-aaap-com6;phasing-aaap-d1;infras-fund-aaap-d2;,https://www.southwark.gov.uk/assets/attach/1647/Aylesbury-AAP-2010.pdf,2030-01-27,2020-12-04,E09000028,Aylesbury area action plan,,local-authority-eng:SWK,2010-01-27,/development-plan-document/local-authority-eng/SWK/dev-plan-aaap-2010
,dev-plan-cwaap-2015,area-action-plan,shop-town-centre-cwaap-p1;cafe-rest-town-centre-cwaap-p2;impor-shop-para-cwaap-p3;small-scale-shop-rest-cafe-out-town-centre-cwaap-p4;markets-cwaap-p5;walk-cycl-cwaap-p6;pub-trans-cwaap-p7;vehic-traff-cwaap-p8;park-retail-leis-cwaap-p9;park-resi-dev-core-areacwaap-p10;leis-enter-cwaap-p11;sports-facil-cwaap-p12;arts-cul-tour-cwaap-p13;streets-public-space-cwaap-p14;build-block-cwaap-p15;town-centre-dev-cwaap-p16;build-height-core-area-cwaap-p17;open-space-bio-cwaap-p18;child-play-cwaap-p19;energy-cwaap-p20;new-homes-cwaap-p21;afford-hous-cwaap-p22;fam-homes-cwaap-p23;desn-dev-cwaap-p24;job-busi-cwaap-p25;schools-cwaap-p26;comm-fac-cwaap-p27;early-years-cwaap-p28;health-facil-cwaap-p29;high-educa-stu-hous-cwaap-p30;albion-street-cwaap-p31;lower-road-cwaap-p32;prop-sites-cwaap-p33;s106-plan-obli-com-infras-lev-cwaap-p34;,https://www.southwark.gov.uk/assets/attach/2386/Canada-Water-Area-Action-Plan-2015.pdf,2026-11-01,2020-12-04,E09000028,Canada Water area action plan,,local-authority-eng:SWK,2015-11-01,/development-plan-document/local-authority-eng/SWK/dev-plan-cwaap-2015
,dev-plan-nsp-2020,local-plan,southwark-dev-targ-nsp-sp1a;southwark-places-nsp-sp1b;quali-aff-homes-nsp-sp1;regen-works-all-nsp-SP2;best-start-in-life-nsp-SP3;string-local-econ-nsp-SP4;health-aactiv-life-nsp-SP5;clean-green-safe-nsp-SP6;soci-rent-inter-housing-nsp-p1;new-fam-homes-nsp-p2;protect-exist-homes-nsp-p3;private-rent-homes-nsp-p4;student-homes-nsp-p5;hous-older-peop-nsp-p6;wheelchair-access-adapt-hous-nsp-p7;house-multi-occ-nsp-p8;support-hous-hostel-nsp-p9;self-cust-build-nsp-p10;homes-travel-gyp-nsp-p11;design-places-nsp-p12;design-qual-nsp-p13;resi-design-nsp-p14;design-out-crime-nsp-p15;tall-build-nsp-p16;effic-use-land-nsp-p17;listed-build-struct-nsp-p18;conserv-area-nsp-p19;conserv-hist-environ-nat-heri-nsp-p20;borough-views-nsp-p21;archaeology-nsp-p22;world-heri-sites-nsp-p23;river-thames-nsp-p24;local-list-nsp-p25;educa-places-nsp-p26;acc-employ-train-nsp-p27;strat-protect-indus-land-nsp-p28;office-busi-dev-nsp-p29;afford-work-nsp-p30;small-shops-nsp-p31;busi-reloc-nsp-p32;rail-arch-nsp-p33;town-local-centres-nsp-p34;devel-outside-town-centre-nsp-p35;protect-shop-front-nsp-p36;shop-out-protect-shop-front-town-loc-centre-nsp-p37;shop-front-nsp-p38;bet-pawn-pay-day-loan-shop-nsp-p39;hotels-other-visitor-accom-nsp-p40;pubs-nsp-p41;out-advert-sign-nsp-p42;broad-digital-infras-nsp-p43;healthy-developments-nsp-p44;leisure-arts-cul-nsp-p45;com-use-nsp-p46;hot-food-take-nsp-p47;public-trans-nsp-p48;high-impact-nsp-p48;walking-nsp-p50;low-line-routes-nsp-p51;cycling-nsp-p52;car-park-nsp-p53;park-stands-disabled-peop-phical-impaie-nsp-p54;protect-amenity-nsp-p55;open-space-nsp-p56;open-water-space-nsp-p57;green-infras-nsp-p58;biodiversity-nsp-p59;trees-nsp-p60;reduc-waste-nsp-p61;land-waste-manage-nsp-p62;contam-land-haz-sub-nsp-p63;improv-air-qual-nsp-p64;reduc-noise-pol-enhanc-sound-nsp-p65;reduc-water-use-nsp-p66;reduc-flood-risk-nsp-p67;sustain-stand-nsp-p68;energy-nsp-p69;,https://www.southwark.gov.uk/assets/attach/19868/EIP27A-Proposed-Changes-to-the-submitted-New-Southwark-Plan-2020-Clean-version-.pdf,2033-01-16,2020-12-04,E09000028,New Southwark plan,,local-authority-eng:SWK,2017-12-01,/development-plan-document/local-authority-eng/SWK/dev-plan-nsp-2020
,dev-plan-okraap-2020,area-action-plan,masterplan-okraap-aap1;quali-afford-hous-okraap-aap2;climate-emerg-okraap-aap3;quali-afford-homes-okraap-aap4;busi-and-workspace-the-bow-tie-strat-okraap-aap5;town-centres-leis-entertain-okraap-aap6;movement-okraap-aap7;tall-build-strat-okraap-aap8;charct-herit-okraap-aap9;design-okraap-aap10;parks-health-street-the-green-beltokraap-aap11;clean-green-safe-okraap-aap12;best-start-in-life-okraap-aap13;child-youth-provis-okraap-aap14;sub-area-site-alloc-okraap-aap15;,http://moderngov.southwark.gov.uk/documents/s92349/Appendix%20A%20Old%20Kent%20Road%20AAP%20December%202020.pdf,,2020-12-04,E09000028,Old Kent Road area action plan,,local-authority-eng:SWK,2020-12-01,/development-plan-document/local-authority-eng/SWK/dev-plan-okraap-2020
,dev-plan-pecnunaap-2015,area-action-plan,peckham-town-centre-shopping-pnaap-p1;arts-cult-leis-and-entertain-pnaap-p2;loc-shops-serv-pnaap-p3;hot-food-take-pnaap-p4;markets-pnaap-p5;busi-space-pnaap-p6;com-facil-pnaap-p7;schools-pnaap-p8;health-facil-pnaap-p9;sports-facil-pnaap-p10;active-trav-pnaap-p11;public-trans-pnaap-p12;road-net-pnaap-p13;park-shop-visit-pnaap-p14;resi-park-pnaap-p15;new-homes-pnaap-p16;afford-priv-homes-pnaap-p17;mix-desi-new-homes-pnaap-p18;open-space-sites-import-nature-conserv-pnaap-p19;trees-pnaap-p20;energy-pnaap-p21;waste-water-flood-pol-pnaap-p22;public-realm-pnaap-p23;heri-pnaap-p24;buil-form-pnaap-p25;build-heigh-pnaap-p26;land-use-pnaap-p27;trans-move-pnaap-p28;built-environ-pnaap-p29;natural-environ-pnaap-p30;land-use-pnaap-p31;trans-move-pnaap-p32;built-environ-pnaap-p33;nat-environ-pnaap-p34;land-use-pnaap-p35;trans-move-pnaap-p36;built-environ-pnaap-p37;natu-environ-pnaap-p38;land-use-pnaap-p39;trans-move-pnaap-p40;nat-environ-pnaap-p41;nat-environ-pnaap-p42;land-use-pnaap-p43;trans-move-pnaap-p44;built-environ-pnaap-p45;nat-environ-pnaap-p46;prop-sites-pnaap-p47;pres-fav-sus-devel-pnaap-p48;sec-106-plan-ob-com-infra-levy-pnaap-p49;,https://www.southwark.gov.uk/assets/attach/1753/Peckham-and-Nunhead-AAP-2014.pdf,2028-01-10,2020-12-04,E09000028,Peckham and Nunhead area action plan,,local-authority-eng:SWK,2012-09-12,/development-plan-document/local-authority-eng/SWK/dev-plan-pecnunaap-2015
,dev-plan-scs-2011,local-plan,sustain-dev-scs-sp1;sustain-trans-scs-sp2;shop-leis-entertain-scs-sp3;learn-enjoy-health-scs-sp4;prov-new-homes-scs-sp5;people-diff-incomes-scs-sp6;fam-homes-scs-sp7;stu-homes-scs-sp8;homes-gyp-trav-scs-sp9;jobs-busi-scs-sp10;open-space-wild-scs-sp11;des-con-scs-sp12;imple-del-scs-sp14,https://www.southwark.gov.uk/assets/attach/1675/1.0.2-DL-Core_Strategy_2011.pdf,2026-04-01,2020-12-04,E09000028,Southwark core strategy,,local-authority-eng:SWK,2010-01-15,/development-plan-document/local-authority-eng/SWK/dev-plan-scs-2011
,dev-plan-southwaternp-2020,neighbourhood-plan,sown-p1;sown-p2;sown-p3;sown-p4;sown-p5;sown-p6;sown-p7;sown-p8;sown-p9;sown-p10;sown-p11;sown-p12;sown-p13;sown-p14;sown-p15;sown-p16;sown-p17;,http://moderngov.southwark.gov.uk/documents/s89753/Appendix%20A%20SoWN%20Neighbourhood%20Plan%20Final%20Edition.pdf,2032-07-15,2020-12-04,E09000028,Southbank and Waterloo neighbourhood plan,,local-authority-eng:SWK,2016-11-28,/development-plan-document/local-authority-eng/SWK/dev-plan-southwaternp-2020
,dev-plan-ssp-2007,local-plan,emply-opp-ssp-p1.1;strat-loc-indus-locs-ssp-p1.2;employ-sites-off-indus-ssp-p1.4;small-busi-units-ssp-p1.5;live-work-unit-ssp-p1.6;dev-town-local-cen-ssp-p1.7;cou-psf-ssp-p1.9;ssshop-ser-out-town-local-cen--psf-ssp-p1.10;art-cul-tour-ssp-P1.11;hotels-visit-ssp-p1.12;enhance-com-fac-ssp-p2.1;prov-new-com-fac-ssp-P2.2;enhan-educa-estab-ssp-p2.3;educa-def-prov-new-educa-estab-ssp-p2.4;plan-obli-ssp-p2.5;environ-effec-ssp-p3.1;protec-amenity-ssp-p3.2;sustain-assess-ssp-p3.3;energy-eff-ssp-p3.4;air-qual-ssp-p3.6;water-reduc-ssp-p3.7;waste-man-ssp-p3.8;water-ssp-p3.9;haz-subs-ssp-p3.10;eff-use-land-ssp-p3.11;qual-in-des-ssp-p3.12;urb-des-ssp-p3.13;des-out-crime-ssp-p3.14;con-of-the-his-environ-ssp-p3.15;listed-build-ssp-p3.17;set-listed-build-ca-wold-heri-ssp-p3.18;arch-ssp-p3.19;tall-buildl-ssp-p3.20;import-local-viewsssp-p3.22;out-advert-sign-ssp-p3.23;telecoms-dev-under-gen-gpdo-ssp-p3.24;mol-ssp-p3.25;oopl-ssp-p3.26;bio-ssp-p3.27;dev-within-thames-pol-ssp-p3.28;protec-river-facil-ssp-p3.30;flood-def-ssp-p3.31;qual-resi-accom-ssp-p4.2;mix-dwel-ssp-p4.3;aff-hous-ssp-p4.4;wheel-aff-house-ssp-p4.5;loss-resi-accom-ssp-p4.6;non-self-con-hous-identif-user-group-ssp-p4.7;local-dev-ssp-p5.1;strans-impac-ssp-p5.2;walk-cycl-ssp-p5.3;public-trans-improv-ssp-p5.4;car-park-ssp-p5.6;other-park-ssp-p5.8;,https://www.southwark.gov.uk/assets/attach/11989/Saved_Southwark_Plan_policies_and_appendices__strikethrough_version.pdf,,2020-12-04,E09000028,Saved Southwark plan,,local-authority-eng:SWK,2007-04-01,/development-plan-document/local-authority-eng/SWK/dev-plan-ssp-2007
,min-dev-strat-sws-wil-xyz,mineral-plan,,https://www.swindon.gov.uk/downloads/file/5391/wiltshire_and_swindon_minerals_development_core_strategy_2006_-2026,2025-12-31,2021-03-03,E06000054;E06000030,Wiltshire and Swindon minerals development core strategy,,local-authority-eng:SWS;local-authority-eng:WIL,2006-01-01,/development-plan-document/local-authority-eng/SWS;local-authority-eng/WIL/min-dev-strat-sws-wil-xyz
,waste-strategy-sws-wil-xyz,waste-plan,,https://www.swindon.gov.uk/info/20113/local_plan_and_planning_policy/645/waste_planning_framework,2025-12-31,2021-03-03,E06000054;E06000030,Wilshire and Swindon waste core strategy,,local-authority-eng:SWS;local-authority-eng:WIL,2006-01-01,/development-plan-document/local-authority-eng/SWS;local-authority-eng/WIL/waste-strategy-sws-wil-xyz
Covers former WDC area,dev-plan-buc-dsa,site-allocations,dsa-HWTC1;dsa-HWTC2;dsa-HWTC3;dsa-HWTC4;dsa-HWTC5;dsa-HWTC6;dsa-HWTC7;dsa-HWTC8;dsa-HWTC9;dsa-HWTC10;dsa-HWTC11;dsa-HWTC12;dsa-HWTC13;dsa-HWTC14;dsa-HWTC15;dsa-HWTC16;dsa-HWTC17;dsa-HWTC18;dsa-HWTC19;dsa-HWTC20;dsa-HWTC21;dsa-HW1;dsa-HW2;dsa-HW3;dsa-MR1;dsa-MR2;dsa-MR3;dsa-MR4;dsa-MR5;dsa-PR1;dsa-PR2;dsa-DM1;dsa-DM2;dsa-DM3;dsa-DM4;dsa-DM5;dsa-DM6;dsa-DM7;dsa-DM8;dsa-DM9;dsa-DM10;dsa-DM11;dsa-DM12;dsa-DM13;dsa-DM14;dsa-DM15;dsa-DM16;dsa-DM19,https://www.wycombe.gov.uk/uploads/public/documents/Planning/Planning-policy/DSA2012/Adopted-delivery-and-site-allocations-plan.pdf,2026-12-31,2020-12-08,E07000007,Adopted Delivery and Site Allocations Plan,,local-authority-eng:WYO,2013-07-16,/development-plan-document/local-authority-eng/WYO/dev-plan-buc-dsa
Covers former WDC area,dev-plan-buc-wdlp,local-plan,wdlp-CP1;wdlp-CP2;wdlp-CP3;wdlp-CP4;wdlp-CP5;wdlp-CP6;wdlp-CP7;wdlp-CP8;wdlp-CP9;wdlp-CP10;wdlp-CP11;wdlp-CP12;wdlp-HW4;wdlp-HW5;wdlp-HW6;wdlp-HW7;wdlp-HW8;wdlp-HW9;wdlp-HW10;wdlp-HW11;wdlp-HW12;wdlp-HW13;wdlp-HW14;wdlp-HW15;wdlp-HW16;wdlp-HW17;wdlp-HW18;wdlp-HW19;wdlp-HW20;wdlp-MR6;wdlp-MR7;wdlp-PR3;wdlp-PR4;wdlp-PR5;wdlp-PR6;wdlp-PR7;wdlp-PR8;wdlp-PR9;wdlp-PR10;wdlp-PR11;wdlp-PR12;wdlp-PR13;wdlp-PR14;wdlp-PR15;wdlp-PR16;wdlp-PR17;wdlp-BE1;wdlp-BE2;wdlp-BE3;wdlp-RUR1;wdlp-RUR2;wdlp-RUR3;wdlp-RUR4;wdlp-RUR5;wdlp-RUR6;wdlp-RUR7;wdlp-RUR8;wdlp-RUR9;wdlp-RUR10;wdlp-RUR11;wdlp-RUR12;wdlp-DM20;wdlp-DM21;wdlp-DM22;wdlp-DM23;wdlp-DM24;wdlp-DM25;wdlp-DM26;wdlp-DM27;wdlp-DM28;wdlp-DM29;wdlp-DM30;wdlp-DM31;wdlp-DM32;wdlp-DM33;wdlp-DM34;wdlp-DM35;wdlp-DM36;wdlp-DM37;wdlp-DM38;wdlp-DM39;wdlp-DM40;wdlp-DM41;wdlp-DM42;wdlp-DM43;wdlp-DM44;wdlp-DM45;wdlp-DM46;wdlp-DM47,https://www.wycombe.gov.uk/uploads/public/documents/Planning/Adopted-Wycombe-local-plan/Wycombe-District-Local-Plan-Adopted-August-2019.pdf,2033-12-31,2020-12-08,E07000007,Wycombe District Local Plan 2019,,local-authority-eng:WYO,2019-08-19,/development-plan-document/local-authority-eng/WYO/dev-plan-buc-wdlp
Beaconsfield Town,neigh-plan-buc-beaconsfieldndp,neighbourhood-plan,,,,2020-12-09,E04001580,Beaconsfield Neighbourhood Plan,,neighbourhood-plan-area:beaconsfield,2020-11-09,/development-plan-document/neighbourhood-plan-area/beaconsfield/neigh-plan-buc-beaconsfieldndp
Bledlow-cum-Saunderton Parish,neigh-plan-buc-bledlowcumsaundertonndp,neighbourhood-plan,bledlowcumsaundertonndp-P1;bledlowcumsaundertonndp-P2;bledlowcumsaundertonndp-P3;bledlowcumsaundertonndp-P4;bledlowcumsaundertonndp-P5;bledlowcumsaundertonndp-P6;bledlowcumsaundertonndp-P7;bledlowcumsaundertonndp-P8;bledlowcumsaundertonndp-P9;bledlowcumsaundertonndp-P10;bledlowcumsaundertonndp-P11;bledlowcumsaundertonndp-P12;bledlowcumsaundertonndp-P13;bledlowcumsaundertonndp-P14,https://www.wycombe.gov.uk/uploads/public/documents/Planning/Neighbourhood-planning/Bledlow-cum-Saunderton-Adopted-Neighbourhood-Plan.pdf,2033-12-31,2020-12-09,E04001592,Bledlow-cum-Saunderton Neighbourhood Plan 2016-2033,,neighbourhood-plan-area:bledlow-cum-saunderton,2017-01-01,/development-plan-document/neighbourhood-plan-area/bledlow-cum-saunderton/neigh-plan-buc-bledlowcumsaundertonndp
Buckingham Town,neigh-plan-buc-buckinghamndp,neighbourhood-plan,buckinghamndp-HP1;buckinghamndp-HP2;buckinghamndp-HP3;buckinghamndp-HP4;buckinghamndp-HP5;buckinghamndp-HP6;buckinghamndp-HP7;buckinghamndp-DHE1;buckinghamndp-DHE2;buckinghamndp-DHE3;buckinghamndp-DHE4;buckinghamndp-DHE5;buckinghamndp-DHE6;buckinghamndp-CLH1;buckinghamndp-CLH2;buckinghamndp-CLH3;buckinghamndp-CLH4;buckinghamndp-CLH5;buckinghamndp-CLH6;buckinghamndp-CLH7;buckinghamndp-CLH8;buckinghamndp-EE1;buckinghamndp-EE2;buckinghamndp-EE3;buckinghamndp-EE4;buckinghamndp-EE5;buckinghamndp-EE6;buckinghamndp-EE7;buckinghamndp-EE8;buckinghamndp-I1;buckinghamndp-I2;buckinghamndp-I3;buckinghamndp-I4;buckinghamndp-I5;buckinghamndp-SR1;buckinghamndp-SR2;buckinghamndp-SR3;buckinghamndp-SR4;buckinghamndp-SR5;buckinghamndp-SR6;buckinghamndp-SR7,https://www.aylesburyvaledc.gov.uk/sites/default/files/page_downloads/BNDP%20Made%20Version%20October%202015%20Rev%20A.pdf,2031-12-31,2020-12-08,E04001465,Buckingham Neighbourhood Plan,,neighbourhood-plan-area:buckingham,2015-09-30,/development-plan-document/neighbourhood-plan-area/buckingham/neigh-plan-buc-buckinghamndp
Buckland Parish,neigh-plan-buc-bucklandndp,neighbourhood-plan,bucklandndp-BP1;bucklandndp-BP2;bucklandndp-BP3;bucklandndp-BP4;bucklandndp-BP5;bucklandndp-BP6;bucklandndp-BP7;bucklandndp-BP8;bucklandndp-BP9;bucklandndp-BP10;bucklandndp-BP11;bucklandndp-BP12;bucklandndp-BP13;bucklandndp-BP14;bucklandndp-BP15,https://www.aylesburyvaledc.gov.uk/sites/default/files/page_downloads/Buckland%20Neighbourhood%20Plan%20Referendum%20Version.pdf,2033-12-31,2020-12-08,E04001466,Buckland Neighbourhood Plan,,neighbourhood-plan-area:buckland,2016-03-04,/development-plan-document/neighbourhood-plan-area/buckland/neigh-plan-buc-bucklandndp
Burnham Parish,neigh-plan-buc-burnhamndp,neighbourhood-plan,,,,2020-12-09,E04001581,Burnham Neighbourhood Plan,,neighbourhood-plan-area:burnham,2018-05-17,/development-plan-document/neighbourhood-plan-area/burnham/neigh-plan-buc-burnhamndp
Chalfont St Giles Parish,neigh-plan-buc-chalfontstgilesndp,neighbourhood-plan,chalfontstgilesndp-HP1;chalfontstgilesndp-HP2;chalfontstgilesndp-CFP1;chalfontstgilesndp-EP1;chalfontstgilesndp-NEP1;chalfontstgilesndp-NEP2;chalfontstgilesndp-HEP1;chalfontstgilesndp-DP1,https://chiltern.gov.uk/planning/chalfontstgiles,2036-12-31,2020-12-09,E04001565,Neighbourhood Plan for Chalfont St Giles Parish,,neighbourhood-plan-area:chalfont-st-giles,2019-07-23,/development-plan-document/neighbourhood-plan-area/chalfont-st-giles/neigh-plan-buc-chalfontstgilesndp
Chalfont St Peter Parish,neigh-plan-buc-chalfontstpeterndp,neighbourhood-plan,chalfontstpeterndp-VC1;chalfontstpeterndp-VC2;chalfontstpeterndp-VC3;chalfontstpeterndp-VC4;chalfontstpeterndp-VC5;chalfontstpeterndp-VC6;chalfontstpeterndp-H1;chalfontstpeterndp-H2;chalfontstpeterndp-H3;chalfontstpeterndp-H4;chalfontstpeterndp-H5;chalfontstpeterndp-H6;chalfontstpeterndp-H7;chalfontstpeterndp-O1;chalfontstpeterndp-O2;chalfontstpeterndp-LC1;chalfontstpeterndp-LC2;chalfontstpeterndp-LC3;chalfontstpeterndp-MP1;chalfontstpeterndp-MP2;chalfontstpeterndp-MP3;chalfontstpeterndp-PWI1;chalfontstpeterndp-PWI2,https://chiltern.gov.uk/planning/chalfontstpeter,2028-12-31,2020-12-09,E04001566,Chalfont St Peter Neighbourhood Plan 2013-2028,,neighbourhood-plan-area:chalfont-st-peter,2016-11-15,/development-plan-document/neighbourhood-plan-area/chalfont-st-peter/neigh-plan-buc-chalfontstpeterndp
Cheddington Parish,neigh-plan-buc-cheddingtonndp,neighbourhood-plan,cheddingtonndp-P1;cheddingtonndp-P2;cheddingtonndp-P3;cheddingtonndp-P4;cheddingtonndp-P5;cheddingtonndp-P6;cheddingtonndp-P7,https://www.aylesburyvaledc.gov.uk/sites/default/files/page_downloads/Cheddington%20NP_Final%20Version%20Post%20Examiner%2014.08.15.pdf,2033-03-31,2020-12-08,E04001469,Cheddington Neighbourhood Plan 2015-2033,,neighbourhood-plan-area:cheddington,2015-09-25,/development-plan-document/neighbourhood-plan-area/cheddington/neigh-plan-buc-cheddingtonndp
Chesham Town,neigh-plan-buc-cheshamndp,neighbourhood-plan,,,,2020-12-09,E04001569,Chesham Neighbourhood Plan,,neighbourhood-plan-area:chesham,2020-01-14,/development-plan-document/neighbourhood-plan-area/chesham/neigh-plan-buc-cheshamndp
Daws Hill Forum,neigh-plan-buc-dawshillndp,neighbourhood-plan,dawshillndp-P1;dawshillndp-P2;dawshillndp-P3;dawshillndp-P4;dawshillndp-P5;dawshillndp-P6;dawshillndp-P7;dawshillndp-P8,https://www.wycombe.gov.uk/uploads/public/documents/Planning/Neighbourhood-planning/Adopted-Daws-Hill-Neighbourhood-Plan.pdf,2033-12-31,2020-12-09,GIS - 19NPDawsHill,The Daws Hill Neighbourhood Plan December 2019,,neighbourhood-plan-area:daws-hill,2019-12-12,/development-plan-document/neighbourhood-plan-area/daws-hill/neigh-plan-buc-dawshillndp
Denham Parish,neigh-plan-buc-denhamndp,neighbourhood-plan,,,,2020-12-09,E04001582,Denham Parish Neighbourhood Plan,,neighbourhood-plan-area:denham-parish,2017-09-12,/development-plan-document/neighbourhood-plan-area/denham-parish/neigh-plan-buc-denhamndp
Edlesborough Parish,neigh-plan-buc-edlesboroughndp,neighbourhood-plan,edlesboroughndp-EP1;edlesboroughndp-EP2;edlesboroughndp-EP3;edlesboroughndp-EP4;edlesboroughndp-EP5;edlesboroughndp-EP6;edlesboroughndp-EP7;edlesboroughndp-EP8;edlesboroughndp-EP9;edlesboroughndp-EP10;edlesboroughndp-EP11;edlesboroughndp-EP12,https://www.aylesburyvaledc.gov.uk/sites/default/files/page_downloads/Edlesborough%20NP%20Referendum%20Version.pdf,2033-03-31,2020-12-08,E04001482,Edlesborough Neighbourhood Plan 2013-2033,,neighbourhood-plan-area:edlesborough,2017-10-16,/development-plan-document/neighbourhood-plan-area/edlesborough/neigh-plan-buc-edlesboroughndp
Farnham Royal Parish,neigh-plan-buc-farnhamroyalndp,neighbourhood-plan,,,,2020-12-09,E04001584,Farnham Royal Neighbourhood Plan,,neighbourhood-plan-area:farnham-royal,2016-09-28,/development-plan-document/neighbourhood-plan-area/farnham-royal/neigh-plan-buc-farnhamroyalndp
Fulmer Parish,neigh-plan-buc-fulmerndp,neighbourhood-plan,,,,2020-12-09,E04001585,Fulmer Neighbourhood Plan,,neighbourhood-plan-area:fulmer,2019-05-24,/development-plan-document/neighbourhood-plan-area/fulmer/neigh-plan-buc-fulmerndp
Gerrards Cross Parish,neigh-plan-buc-gerrardscrossndp,neighbourhood-plan,,,,2020-12-09,E04001586,Gerrards Cross Neighbourhood Plan,,neighbourhood-plan-area:gerrards-cross,2016-09-22,/development-plan-document/neighbourhood-plan-area/gerrards-cross/neigh-plan-buc-gerrardscrossndp
Kimble Parish,neigh-plan-buc-greatlittlekimblecumilmerndp,neighbourhood-plan,greatlittlekimblecumilmerndp-KIM1;greatlittlekimblecumilmerndp-KIM2;greatlittlekimblecumilmerndp-KIM3;greatlittlekimblecumilmerndp-KIM4;greatlittlekimblecumilmerndp-KIM5;greatlittlekimblecumilmerndp-KIM6;greatlittlekimblecumilmerndp-KIM7;greatlittlekimblecumilmerndp-KIM8;greatlittlekimblecumilmerndp-KIM9,https://www.wycombe.gov.uk/uploads/public/documents/About-the-council/Have-your-say/Consultations/Great-and-Little-Kimble-cum-Marsh-NP/Great-and-Little-Kimble-cum-Marsh-neighbourhood-plan-submission-version.pdf,2033-12-31,2020-12-09,E04001599,Great and Little Kimble-cum-Marsh Neighbourhood Plan 2013-2033,,neighbourhood-plan-area:great-and-little-kimble-cum-marsh,2019-11-01,/development-plan-document/neighbourhood-plan-area/great-and-little-kimble-cum-marsh/neigh-plan-buc-greatlittlekimblecumilmerndp
Haddenham Parish,neigh-plan-buc-haddenhamndp,neighbourhood-plan,haddenhamndp-TGA1;haddenhamndp-TGA2;haddenhamndp-TGA3;haddenhamndp-CES1;haddenhamndp-HWS1;haddenhamndp-HWS2;haddenhamndp-SRL1;haddenhamndp-SRL2;haddenhamndp-SRL3;haddenhamndp-RBJ1,https://www.aylesburyvaledc.gov.uk/sites/default/files/page_downloads/Haddenham%20NP%20March%202016.pdf,2033-12-31,2020-12-08,E04001490,Haddenham Neighbourhood Plan 2013-2033,,neighbourhood-plan-area:haddenham,2015-09-11,/development-plan-document/neighbourhood-plan-area/haddenham/neigh-plan-buc-haddenhamndp
Hedgerley Parish,neigh-plan-buc-hedgerleyndp,neighbourhood-plan,,,,2020-12-09,E04001587,Hedgerley Neighbourhood Plan,,neighbourhood-plan-area:hedgerley,2017-02-12,/development-plan-document/neighbourhood-plan-area/hedgerley/neigh-plan-buc-hedgerleyndp
Ickford Parish,neigh-plan-buc-ickfordndp,neighbourhood-plan,ickfordndp-NE1;ickfordndp-NE2;ickfordndp-NE3;ickfordndp-BEH1;ickfordndp-BEH2;ickfordndp-BEH3;ickfordndp-BEH4;ickfordndp-F1;ickfordndp-ND1;ickfordndp-ND2;ickfordndp-ND3;ickfordndp-ND4;ickfordndp-TT1;ickfordndp-E1;ickfordndp-CF1,https://www.aylesburyvaledc.gov.uk/sites/default/files/page_downloads/IckfordSubmissionNeighbourhoodPlanNOV2019.pdf,2033-12-31,2020-12-08,E04001497,Ickford Neighbourhood Plan 2019-2033,,neighbourhood-plan-area:ickford,2019-11-15,/development-plan-document/neighbourhood-plan-area/ickford/neigh-plan-buc-ickfordndp
Iver Parish,neigh-plan-buc-iverndp,neighbourhood-plan,,,,2020-12-09,E04001588,Iver Neighbourhood Plan,,neighbourhood-plan-area:iver,2016-11-18,/development-plan-document/neighbourhood-plan-area/iver/neigh-plan-buc-iverndp
Ivinghoe Parish,neigh-plan-buc-ivinghoendp,neighbourhood-plan,ivinghoendp-HSG1;ivinghoendp-HSG2;ivinghoendp-ENV1;ivinghoendp-ENV2;ivinghoendp-ENV3;ivinghoendp-TRA1;ivinghoendp-TRA2;ivinghoendp-REC1;ivinghoendp-REC2;ivinghoendp-TEL1;ivinghoendp-BUS1,https://www.aylesburyvaledc.gov.uk/sites/default/files/page_downloads/IPNP%20Referendum%20Version%20FINAL.pdf,2033-12-31,2020-12-08,E04001498,Ivinghoe Parish Neighbourhood Plan 2014-2033,,neighbourhood-plan-area:ivinghoe,2018-12-14,/development-plan-document/neighbourhood-plan-area/ivinghoe/neigh-plan-buc-ivinghoendp
Long Crendon Parish,neigh-plan-buc-longcrendonndp,neighbourhood-plan,longcrendonndp-LC1;longcrendonndp-LC2;longcrendonndp-LC3;longcrendonndp-LC4;longcrendonndp-LC5;longcrendonndp-LC6;longcrendonndp-LC7;longcrendonndp-LC8;longcrendonndp-LC9;longcrendonndp-LC10;longcrendonndp-LC11;longcrendonndp-LC12;longcrendonndp-LC13;longcrendonndp-LC14,https://www.aylesburyvaledc.gov.uk/sites/default/files/page_downloads/Long%20Crendon%20Parish%20NP%20Post%20%20Examination%20Version%20%2019-6-17.pdf,2023-03-31,2020-12-08,E04001505,Long Crendon Parish Neighbourhood Plan 2013-2023,,neighbourhood-plan-area:long-crendon,2017-10-05,/development-plan-document/neighbourhood-plan-area/long-crendon/neigh-plan-buc-longcrendonndp
Longwick Parish,neigh-plan-buc-longwickcumilmerndp,neighbourhood-plan,longwickcumilmerndp-A1;longwickcumilmerndp-A2;longwickcumilmerndp-A3;longwickcumilmerndp-A4;longwickcumilmerndp-A5;longwickcumilmerndp-A6;longwickcumilmerndp-L1;longwickcumilmerndp-L2;longwickcumilmerndp-L3;longwickcumilmerndp-L4;longwickcumilmerndp-L5;longwickcumilmerndp-L6,https://www.wycombe.gov.uk/uploads/public/documents/Planning/Neighbourhood-planning/Longwick-cum-Ilmer-Parish-Neighbourhood-Plan-2017-2033.pdf,2033-12-31,2020-12-09,E04001609,Longwick-cum-Ilmer Parish Neighbourhood Plan 2017-2033,,neighbourhood-plan-area:longwick-cum-ilmer,2017-01-01,/development-plan-document/neighbourhood-plan-area/longwick-cum-ilmer/neigh-plan-buc-longwickcumilmerndp
Marsh Gibbon Parish,neigh-plan-buc-marshgibbonndp,neighbourhood-plan,marshgibbonndp-MG1;marshgibbonndp-MG2;marshgibbonndp-MG3;marshgibbonndp-MG4;marshgibbonndp-MG5;marshgibbonndp-MG6;marshgibbonndp-MG7;marshgibbonndp-MG8;marshgibbonndp-MG9;marshgibbonndp-MG10;marshgibbonndp-MG11;marshgibbonndp-MG12;marshgibbonndp-MG13;marshgibbonndp-MG14;marshgibbonndp-MG15;marshgibbonndp-MG16;marshgibbonndp-MG17;marshgibbonndp-MG18;marshgibbonndp-MG19;marshgibbonndp-MG20,https://www.aylesburyvaledc.gov.uk/sites/default/files/page_downloads/MG-neighbourhood-plan-Jan2015-online-version.pdf,2031-12-31,2020-12-08,E04001509,Marsh Gibbon Neighbourhood Development Plan,,neighbourhood-plan-area:marsh-gibbon,2015-02-25,/development-plan-document/neighbourhood-plan-area/marsh-gibbon/neigh-plan-buc-marshgibbonndp
Pitstone Parish,neigh-plan-buc-pitstonendp,neighbourhood-plan,pitstonendp-P1;pitstonendp-P2;pitstonendp-P3;pitstonendp-P4;pitstonendp-P5;pitstonendp-P6;pitstonendp-P7;pitstonendp-P8,https://www.aylesburyvaledc.gov.uk/sites/default/files/page_downloads/pnp%20referendum%20edition%2023%20jan%202016-1.pdf,2033-12-31,2020-12-08,E04001521,Pitstone Neighbourhood Plan 2013-2033,,neighbourhood-plan-area:pitstone,2016-04-14,/development-plan-document/neighbourhood-plan-area/pitstone/neigh-plan-buc-pitstonendp
Quainton Parish,neigh-plan-buc-quaintonndp,neighbourhood-plan,quaintonndp-E1;quaintonndp-E2;quaintonndp-H1;quaintonndp-H2;quaintonndp-CF1;quaintonndp-NE1;quaintonndp-NE2;quaintonndp-LE1;quaintonndp-T1;quaintonndp-T2;quaintonndp-I1,https://www.aylesburyvaledc.gov.uk/sites/default/files/page_downloads/Quainton%20NDP%20MADE%20VERSION.pdf,2033-12-31,2020-12-08,E04001524,Quainton Neighbourhood Development Plan 2015-2033,,neighbourhood-plan-area:quainton,2016-10-31,/development-plan-document/neighbourhood-plan-area/quainton/neigh-plan-buc-quaintonndp
Seer Green Parish,neigh-plan-buc-seergreenndp,neighbourhood-plan,,,,2020-12-09,E04001577,Seer Green Neighbourhood Plan,,neighbourhood-plan-area:seer-green,2015-11-05,/development-plan-document/neighbourhood-plan-area/seer-green/neigh-plan-buc-seergreenndp
Slapton Parish,neigh-plan-buc-slaptonndp,neighbourhood-plan,slaptonndp-SLP1;slaptonndp-SLP2;slaptonndp-SLP3;slaptonndp-SLP4;slaptonndp-SLP5;slaptonndp-SLP6,https://www.aylesburyvaledc.gov.uk/sites/default/files/page_downloads/Slapton%20NDP%20Plan_%20Policies%20Maps.pdf,2033-12-31,2020-12-08,E04001529,Slapton Parish Neighbourhood Development Plan 2013-2033,,neighbourhood-plan-area:slapton,2018-07-17,/development-plan-document/neighbourhood-plan-area/slapton/neigh-plan-buc-slaptonndp
Steeple Claydon Parish,neigh-plan-buc-steepleclaydonndp,neighbourhood-plan,steepleclaydonndp-SC1;steepleclaydonndp-SC2;steepleclaydonndp-SC3;steepleclaydonndp-SC4;steepleclaydonndp-SC5;steepleclaydonndp-SC6;steepleclaydonndp-SC7;steepleclaydonndp-SC8,https://www.aylesburyvaledc.gov.uk/sites/default/files/page_downloads/01%20SCNP%20Neighbourhood%20Plan%20Referendum_0.pdf,2033-12-31,2020-12-08,E04001531,Steeple Claydon Neighbourhood Plan,,neighbourhood-plan-area:steeple-claydon,2017-12-15,/development-plan-document/neighbourhood-plan-area/steeple-claydon/neigh-plan-buc-steepleclaydonndp
Taplow Parish,neigh-plan-buc-taplowndp,neighbourhood-plan,,,,2020-12-09,E04001590,Taplow Neighbourhood Plan,,neighbourhood-plan-area:taplow,2015-06-29,/development-plan-document/neighbourhood-plan-area/taplow/neigh-plan-buc-taplowndp
Waddesdon Parish,neigh-plan-buc-waddesdonndp,neighbourhood-plan,waddesdonndp-WAD1;waddesdonndp-WAD2;waddesdonndp-WAD3;waddesdonndp-WAD4;waddesdonndp-WAD5;waddesdonndp-WAD6;waddesdonndp-WAD7;waddesdonndp-WAD8;waddesdonndp-WAD9;waddesdonndp-WAD10;waddesdonndp-WAD11;waddesdonndp-WAD12;waddesdonndp-WAD13;waddesdonndp-WAD14,https://www.aylesburyvaledc.gov.uk/sites/default/files/page_downloads/Waddesdon%20Neighbourhood%20Plan%20Referendum%20Version%20Oct%202017.pdf,2033-03-31,2020-12-08,E04001544,Waddesdon Parish Neighbourhood Plan 2013-2033,,neighbourhood-plan-area:waddesdon,2017-10-23,/development-plan-document/neighbourhood-plan-area/waddesdon/neigh-plan-buc-waddesdonndp
Wendover Parish,neigh-plan-buc-wendoverndp,neighbourhood-plan,wendoverndp-H1;wendoverndp-H2;wendoverndp-H3;wendoverndp-H4;wendoverndp-SD1;wendoverndp-SD2;wendoverndp-B1;wendoverndp-CF1;wendoverndp-CH1;wendoverndp-G1;wendoverndp-G2;wendoverndp-G3;wendoverndp-IC1;wendoverndp-T1;wendoverndp-T2;wendoverndp-T3;wendoverndp-T4,https://www.aylesburyvaledc.gov.uk/sites/default/files/page_downloads/Wendover%20NP%20Made%20Version%2021%2002%2020.pdf,2033-12-31,2020-12-09,E04001547,Wendover Neighbourhood Plan,,neighbourhood-plan-area:wendover,2020-02-01,/development-plan-document/neighbourhood-plan-area/wendover/neigh-plan-buc-wendoverndp
Weston Turville Parish,neigh-plan-buc-westonturvillendp,neighbourhood-plan,westonturvillendp-H1;westonturvillendp-H2;westonturvillendp-H3;westonturvillendp-H4;westonturvillendp-T1;westonturvillendp-T2;westonturvillendp-T3;westonturvillendp-E1;westonturvillendp-E2;westonturvillendp-E3;westonturvillendp-C1;westonturvillendp-C2;westonturvillendp-C3;westonturvillendp-HE1;westonturvillendp-HE2;westonturvillendp-B1;westonturvillendp-B2;westonturvillendp-B3,https://www.aylesburyvaledc.gov.uk/sites/default/files/page_downloads/Weston%20Turville%20Neighbourhood%20Plan%20-%20Referendum%20Version.pdf,2033-12-31,2020-12-09,E04001550,Weston Turville Neighbourhood Plan 2013-2033,,neighbourhood-plan-area:weston-turville,2018-08-08,/development-plan-document/neighbourhood-plan-area/weston-turville/neigh-plan-buc-westonturvillendp
Wing Parish,neigh-plan-buc-wingndp,neighbourhood-plan,wingndp-CGS1;wingndp-CGS2;wingndp-CGS3;wingndp-F1;wingndp-HE1;wingndp-HE2;wingndp-VE1;wingndp-E1;wingndp-E2;wingndp-E3;wingndp-E4;wingndp-T1;wingndp-T2;wingndp-T3;wingndp-T4;wingndp-HO1;wingndp-HO2;wingndp-HO3;wingndp-A1;wingndp-A2,https://www.aylesburyvaledc.gov.uk/sites/default/files/page_downloads/Final-Wing-NP.pdf,2031-12-31,2020-12-09,E04001553,Wing Neighbourhood Plan 2014-2031,,neighbourhood-plan-area:wing,2015-03-16,/development-plan-document/neighbourhood-plan-area/wing/neigh-plan-buc-wingndp
Wingrave with Rowsham Parish,neigh-plan-buc-wingraverowshamndp,neighbourhood-plan,wingraverowshamndp-P1;wingraverowshamndp-P2;wingraverowshamndp-P3;wingraverowshamndp-P4;wingraverowshamndp-P5;wingraverowshamndp-P6;wingraverowshamndp-P7;wingraverowshamndp-P8,https://www.aylesburyvaledc.gov.uk/sites/default/files/page_downloads/Wingrave%20NP%20Modification%20Plan%20-%20MADE.pdf,2033-12-31,2020-12-09,E04001554,Wingrave with Rowsham Parish Neighbourhood Plan 2013-2033,,neighbourhood-plan-area:wingrave-with-rowsham,2019-09-01,/development-plan-document/neighbourhood-plan-area/wingrave-with-rowsham/neigh-plan-buc-wingraverowshamndp
Winslow Town,neigh-plan-buc-winslowndp,neighbourhood-plan,winslowndp-P1;winslowndp-P2;winslowndp-P3;winslowndp-P4;winslowndp-P5;winslowndp-P6;winslowndp-P7;winslowndp-P8;winslowndp-P9;winslowndp-P10;winslowndp-P11;winslowndp-P12;winslowndp-P13;winslowndp-P14;winslowndp-P15;winslowndp-P16;winslowndp-P17;winslowndp-P18;winslowndp-P19;winslowndp-P20,https://www.aylesburyvaledc.gov.uk/sites/default/files/page_downloads/WNP-FINAL-FINAL-VERSION-JUNE-2014.pdf,2031-03-31,2020-12-09,E04001555,Winslow Neighbourhood Plan 2014-2031,,neighbourhood-plan-area:winslow,2014-09-10,/development-plan-document/neighbourhood-plan-area/winslow/neigh-plan-buc-winslowndp
Worminghall Parish,neigh-plan-buc-worminghallndp,neighbourhood-plan,worminghallndp-SB1;worminghallndp-NH1;worminghallndp-NH2;worminghallndp-NH3;worminghallndp-RC1;worminghallndp-CFR1;worminghallndp-CFR2;worminghallndp-CFR3;worminghallndp-CH1;worminghallndp-TT1,https://www.aylesburyvaledc.gov.uk/sites/default/files/page_downloads/Final%20Worminghall%20Neighbourhood%20Plan.pdf,2033-03-31,2020-12-09,E04001557,Worminghall Neighbourhood Plan,,neighbourhood-plan-area:worminghall,2018-07-17,/development-plan-document/neighbourhood-plan-area/worminghall/neigh-plan-buc-worminghallndp
